"id","child_id","category","title","description","due_date","done_date","time_taken","daily","weekly","weekdaily","monthly","is_done","reward","from_parent","hide"
"44","11","Hausaufgaben","Mathe",,"2024-03-30",NULL,NULL,"0","0","0","0","0","15","1","0"
"47","17","Hausaufgaben","Mathe",,"2024-02-15",NULL,NULL,"0","0","0","0","0","15","1","0"
"50","17","Hausaufgaben","Deutsch",,"2024-02-10",NULL,NULL,"0","0","0","0","0","10","1","0"
"53","11","Hausaufgaben","Englisch",,"2024-02-12",NULL,NULL,"0","0","0","0","0","15","1","0"
"56","17","Hausaufgaben","Englisch",,"2024-02-12",NULL,NULL,"0","0","0","0","0","15","1","0"
"59","11","Sport & Outdoor","Fussball ",,"2024-03-27",NULL,NULL,"0","0","0","0","0","15","1","0"
"62","17","Sport & Outdoor","Fussball ",,"2024-02-11","2024-02-08","10","0","0","0","0","1","15","1","0"
"65","11","Hausarbeiten","Zimmer aufr√§umen",,"2024-03-25",NULL,NULL,"0","0","0","0","0","15","1","0"
"68","17","Hausarbeiten","Zimmer aufr√§umen",,"2024-02-12",NULL,NULL,"0","0","0","0","0","15","1","0"
"71","11","Lesen","10 Seiten",,"2024-02-15",NULL,NULL,"0","0","0","0","0","20","1","0"
"74","17","Lesen","10 Seiten",,"2024-02-15",NULL,NULL,"0","0","0","0","0","20","1","0"
"77","11","Kreative Aktivit√§ten","Malen",,"2024-02-19","2024-02-08","20","0","0","0","0","1","10","1","0"
"80","17","Kreative Aktivit√§ten","Malen",,"2024-02-19",NULL,NULL,"0","0","0","0","0","10","1","0"
"86","11","Kreative Aktivit√§ten","Malen",,"2024-03-22",NULL,NULL,"0","0","0","0","0","10","0","0"
"89","11","Hausaufgaben","Deutsch",,"2024-04-01","2024-03-24","20","0","0","0","0","1","10","0","0"
"92","11","Hausaufgaben","Musik",,"2024-02-23",NULL,NULL,"0","0","0","0","0","50","1","0"
"95","11","Hausaufgaben","gi",,"2024-02-27","2024-02-26","10","0","0","0","0","1","1000","1","1"
"128","32","Lesen","10 Seiten",,"2024-04-16","2024-04-16","30","0","0","0","0","1","10","1","0"
"131","32","Sport & Outdoor","Fussball Training",,"2024-04-16",NULL,NULL,"0","0","0","0","0","10","1","0"
"134","11","Freunde & Familie","Jassen",,"2024-03-26","2024-03-25","30","0","0","0","0","1","10","1","0"
"137","35","Hausaufgaben","Mathematik √úbungen","Mathe-Aufgaben f√ºr Klasse 5 l√∂sen","2024-04-16",NULL,NULL,"0","0","0","0","0","10","1","0"
"140","35","Sport & Outdoor","Fussballtraining",,"2024-04-22","2024-04-12","30","0","0","0","0","1","10","0","0"
"143","35","Hausarbeiten","Zimmer aufr√§umen",NULL,"2024-02-28","2024-02-28","20","0","0","0","0","1","10","1","0"
"146","35","Lesen","Buch lesen","Mindestens 20 Seiten lesen","2024-04-29","2024-04-11","40","0","0","0","0","1","10","0","0"
"149","35","Spass am Bildschirm","Lieblingsspiel spielen","Eine Stunde Zeit zum Spielen","2024-04-29","2024-04-16","10","0","0","0","0","1","10","1","0"
"152","35","Freunde & Familie","Familienausflug","Familienausflug zum Park","2024-03-04","2024-02-28","23","0","0","0","0","1","10","0","0"
"155","35","Kreative Aktivit√§ten","Malen","Ein neues Bild malen","2024-03-27",NULL,NULL,"0","0","0","0","0","15","1","0"
"158","35","Hausarbeiten","K√ºche putzen",NULL,"2024-02-21","2024-02-21","30","0","1","0","0","1","10","1","0"
"161","35","Spass am Bildschirm","Computerspiel",,"2024-02-22","2024-02-22","45","0","0","0","0","1","0","0","0"
"164","35","Sport & Outdoor","Joggen im Park",NULL,"2024-02-28","2024-02-28","30","0","0","1","0","1","10","0","0"
"167","35","Lesen","Buchkapitel lesen","Ein Kapitel aus dem aktuellen Buch lesen","2024-02-27","2024-02-27","20","0","0","0","0","1","10","1","0"
"170","35","Kreative Aktivit√§ten","Zeichnen","Ein Bild zeichnen","2024-02-26","2024-02-26","40","0","0","0","0","1","10","0","0"
"173","35","Freunde & Familie","Familienfilmabend","Gemeinsam einen Film ansehen","2024-02-25","2024-02-25","120","0","0","0","1","1","10","1","0"
"176","41","Hausaufgaben","hexagon",,"2024-02-29","2024-02-28","15","0","0","0","0","1","10","0","0"
"179","38","Hausaufgaben","Mathematik √úbungen","Mathe-Aufgaben f√ºr Klasse 5 l√∂sen","2024-03-01","2024-03-05","5","0","0","0","0","1","10","1","0"
"182","38","Sport & Outdoor","Fussballtraining",NULL,"2024-03-03","2024-03-05","5","0","0","0","0","1","10","0","0"
"185","38","Hausarbeiten","Zimmer aufr√§umen",NULL,"2024-02-28","2024-02-28","20","0","0","0","0","1","10","1","0"
"188","38","Lesen","Buch lesen","Mindestens 20 Seiten lesen","2024-03-05","2024-03-05","58","0","0","0","0","1","10","0","0"
"191","38","Spass am Bildschirm","Lieblingsspiel spielen","Eine Stunde Zeit zum Spielen","2024-03-02",NULL,NULL,"0","0","0","0","0","10","1","0"
"194","38","Freunde & Familie","Familienausflug","Familienausflug zum Park","2024-03-04","2024-03-05","10","0","0","0","0","1","10","0","0"
"197","38","Kreative Aktivit√§ten","Malen","Ein neues Bild malen","2024-03-06",NULL,NULL,"0","0","0","0","0","10","1","0"
"200","38","Hausarbeiten","K√ºche putzen",NULL,"2024-02-21","2024-02-21","30","0","1","0","0","1","10","1","0"
"203","38","Spass am Bildschirm","Computerspiel gespielt",NULL,"2024-02-22","2024-02-22","45","0","0","0","0","1","0","0","0"
"206","38","Sport & Outdoor","Joggen im Park",NULL,"2024-02-28","2024-02-28","30","0","0","1","0","1","10","0","0"
"209","38","Lesen","Buchkapitel gelesen","Ein Kapitel aus dem aktuellen Buch lesen","2024-02-27","2024-02-27","20","0","0","0","0","1","10","1","0"
"212","38","Kreative Aktivit√§ten","Zeichnen","Ein Bild zeichnen","2024-02-26","2024-02-26","40","0","0","0","0","1","10","0","0"
"215","38","Freunde & Familie","Familienfilmabend",NULL,"2024-02-25","2024-02-25","120","0","0","0","1","1","10","1","0"
"218","47","Hausaufgaben","Mathematik √úbungen","Mathe-Aufgaben f√ºr Klasse 5 l√∂sen","2024-03-01",NULL,NULL,"0","0","0","0","0","10","1","0"
"221","47","Sport & Outdoor","Fussballtraining",NULL,"2024-03-03",NULL,NULL,"0","0","0","0","0","10","0","0"
"224","47","Hausarbeiten","Zimmer aufr√§umen",NULL,"2024-02-28","2024-02-28","20","0","0","0","0","1","10","1","0"
"227","47","Lesen","Buch lesen","Mindestens 20 Seiten lesen","2024-03-05",NULL,NULL,"0","0","0","0","0","10","0","0"
"230","47","Spass am Bildschirm","Lieblingsspiel spielen","Eine Stunde Zeit zum Spielen","2024-03-02",NULL,NULL,"0","0","0","0","0","10","1","0"
"233","47","Freunde & Familie","Familienausflug","Familienausflug zum Park","2024-03-04",NULL,NULL,"0","0","0","0","0","10","0","0"
"236","47","Kreative Aktivit√§ten","Malen","Ein neues Bild malen","2024-03-06",NULL,NULL,"0","0","0","0","0","10","1","0"
"239","47","Hausarbeiten","K√ºche putzen",NULL,"2024-02-21","2024-02-21","30","0","1","0","0","1","10","1","0"
"242","47","Spass am Bildschirm","Computerspiel gespielt",NULL,"2024-02-22","2024-02-22","45","0","0","0","0","1","0","0","0"
"245","47","Sport & Outdoor","Joggen im Park",NULL,"2024-02-28","2024-02-28","30","0","0","1","0","1","10","0","0"
"248","47","Lesen","Buchkapitel gelesen","Ein Kapitel aus dem aktuellen Buch lesen","2024-02-27","2024-02-27","20","0","0","0","0","1","10","1","0"
"251","47","Kreative Aktivit√§ten","Zeichnen","Ein Bild zeichnen","2024-02-26","2024-02-26","40","0","0","0","0","1","10","0","0"
"254","47","Freunde & Familie","Familienfilmabend",NULL,"2024-02-25","2024-02-25","120","0","0","0","1","1","10","1","0"
"257","50","Hausaufgaben","Mathematik √úbungen","Mathe-Aufgaben f√ºr Klasse 5 l√∂sen","2024-03-01","2024-02-28","30","0","0","0","0","1","10","1","0"
"260","50","Sport & Outdoor","Fussballtraining",NULL,"2024-03-03",NULL,NULL,"0","0","0","0","0","10","0","0"
"263","50","Hausarbeiten","Zimmer aufr√§umen",NULL,"2024-02-28","2024-02-28","20","0","0","0","0","1","10","1","0"
"266","50","Lesen","Buch lesen","Mindestens 20 Seiten lesen","2024-03-05","2024-02-28","25","0","0","0","0","1","10","0","0"
"269","50","Spass am Bildschirm","Lieblingsspiel spielen","Eine Stunde Zeit zum Spielen","2024-03-02","2024-02-28","60","0","0","0","0","1","10","1","0"
"272","50","Freunde & Familie","Familienausflug","Familienausflug zum Park","2024-03-04",NULL,NULL,"0","0","0","0","0","10","0","0"
"275","50","Kreative Aktivit√§ten","Malen","Ein neues Bild malen","2024-03-06",NULL,NULL,"0","0","0","0","0","10","1","0"
"278","50","Hausarbeiten","K√ºche putzen",NULL,"2024-02-21","2024-02-21","30","0","1","0","0","1","10","1","0"
"281","50","Spass am Bildschirm","Computerspiel gespielt",NULL,"2024-02-22","2024-02-22","45","0","0","0","0","1","0","0","0"
"284","50","Sport & Outdoor","Joggen im Park",NULL,"2024-02-28","2024-02-28","30","0","0","1","0","1","10","0","0"
"287","50","Lesen","Buchkapitel gelesen","Ein Kapitel aus dem aktuellen Buch lesen","2024-02-27","2024-02-27","20","0","0","0","0","1","10","1","0"
"290","50","Kreative Aktivit√§ten","Zeichnen","Ein Bild zeichnen","2024-02-26","2024-02-26","40","0","0","0","0","1","10","0","0"
"293","50","Freunde & Familie","Familienfilmabend",NULL,"2024-02-25","2024-02-25","120","0","0","0","1","1","10","1","0"
"296","47","Hausaufgaben","lesen",,"2024-02-29","2024-02-28","20","0","0","0","0","1","10","1","0"
"299","53","Hausaufgaben","Mathematik √úbungen","Mathe-Aufgaben f√ºr Klasse 5 l√∂sen","2024-03-01",NULL,NULL,"0","0","0","0","0","10","1","0"
"302","53","Sport & Outdoor","Fussballtraining",NULL,"2024-03-03",NULL,NULL,"0","0","0","0","0","10","0","0"
"305","53","Hausarbeiten","Zimmer aufr√§umen",NULL,"2024-02-28","2024-02-28","20","0","0","0","0","1","10","1","0"
"308","53","Lesen","Buch lesen","Mindestens 20 Seiten lesen","2024-03-05",NULL,NULL,"0","0","0","0","0","10","0","0"
"311","53","Spass am Bildschirm","Lieblingsspiel spielen","Eine Stunde Zeit zum Spielen","2024-03-02",NULL,NULL,"0","0","0","0","0","10","1","0"
"314","53","Freunde & Familie","Familienausflug","Familienausflug zum Park","2024-03-04",NULL,NULL,"0","0","0","0","0","10","0","0"
"317","53","Kreative Aktivit√§ten","Malen","Ein neues Bild malen","2024-03-06",NULL,NULL,"0","0","0","0","0","10","1","0"
"320","53","Hausarbeiten","K√ºche putzen",NULL,"2024-02-21","2024-02-21","30","0","1","0","0","1","10","1","0"
"323","53","Spass am Bildschirm","Computerspiel gespielt",NULL,"2024-02-22","2024-02-22","45","0","0","0","0","1","0","0","0"
"326","53","Sport & Outdoor","Joggen im Park",NULL,"2024-02-28","2024-02-28","30","0","0","1","0","1","10","0","0"
"329","53","Lesen","Buchkapitel gelesen","Ein Kapitel aus dem aktuellen Buch lesen","2024-02-27","2024-02-27","20","0","0","0","0","1","10","1","0"
"332","53","Kreative Aktivit√§ten","Zeichnen","Ein Bild zeichnen","2024-02-26","2024-02-26","40","0","0","0","0","1","10","0","0"
"335","53","Freunde & Familie","Familienfilmabend",NULL,"2024-02-25","2024-02-25","120","0","0","0","1","1","10","1","0"
"338","56","Hausaufgaben","Mathematik √úbungen","Mathe-Aufgaben f√ºr Klasse 5 l√∂sen","2024-03-01",NULL,NULL,"0","0","0","0","0","10","1","0"
"341","56","Sport & Outdoor","Fussballtraining",NULL,"2024-03-03",NULL,NULL,"0","0","0","0","0","10","0","0"
"344","56","Hausarbeiten","Zimmer aufr√§umen",NULL,"2024-02-28","2024-02-28","20","0","0","0","0","1","10","1","0"
"347","56","Lesen","Buch lesen","Mindestens 20 Seiten lesen","2024-03-05",NULL,NULL,"0","0","0","0","0","10","0","0"
"350","56","Spass am Bildschirm","Lieblingsspiel spielen","Eine Stunde Zeit zum Spielen","2024-03-02",NULL,NULL,"0","0","0","0","0","10","1","0"
"353","56","Freunde & Familie","Familienausflug","Familienausflug zum Park","2024-03-04",NULL,NULL,"0","0","0","0","0","10","0","0"
"356","56","Kreative Aktivit√§ten","Malen","Ein neues Bild malen","2024-03-06",NULL,NULL,"0","0","0","0","0","10","1","0"
"359","56","Hausarbeiten","K√ºche putzen",NULL,"2024-02-21","2024-02-21","30","0","1","0","0","1","10","1","0"
"362","56","Spass am Bildschirm","Computerspiel gespielt",NULL,"2024-02-22","2024-02-22","45","0","0","0","0","1","0","0","0"
"365","56","Sport & Outdoor","Joggen im Park",NULL,"2024-02-28","2024-02-28","30","0","0","1","0","1","10","0","0"
"368","56","Lesen","Buchkapitel gelesen","Ein Kapitel aus dem aktuellen Buch lesen","2024-02-27","2024-02-27","20","0","0","0","0","1","10","1","0"
"371","56","Kreative Aktivit√§ten","Zeichnen","Ein Bild zeichnen","2024-02-26","2024-02-26","40","0","0","0","0","1","10","0","0"
"374","56","Freunde & Familie","Familienfilmabend",NULL,"2024-02-25","2024-02-25","120","0","0","0","1","1","10","1","0"
"377","59","Hausaufgaben","Mathematik √úbungen","Mathe-Aufgaben f√ºr Klasse 5 l√∂sen","2024-03-01","2024-02-29","5","0","0","0","0","1","10","1","0"
"380","59","Sport & Outdoor","Fussballtraining",NULL,"2024-03-03",NULL,NULL,"0","0","0","0","0","10","0","0"
"383","59","Hausarbeiten","Zimmer aufr√§umen",NULL,"2024-02-28","2024-02-28","20","0","0","0","0","1","10","1","0"
"386","59","Lesen","Buch lesen","Mindestens 20 Seiten lesen","2024-03-05",NULL,NULL,"0","0","0","0","0","10","0","0"
"389","59","Spass am Bildschirm","Lieblingsspiel spielen","Eine Stunde Zeit zum Spielen","2024-03-02",NULL,NULL,"0","0","0","0","0","10","1","0"
"392","59","Freunde & Familie","Familienausflug","Familienausflug zum Park","2024-03-04",NULL,NULL,"0","0","0","0","0","10","0","0"
"395","59","Kreative Aktivit√§ten","Malen","Ein neues Bild malen","2024-03-06",NULL,NULL,"0","0","0","0","0","10","1","0"
"398","59","Hausarbeiten","K√ºche putzen",NULL,"2024-02-21","2024-02-21","30","0","1","0","0","1","10","1","0"
"401","59","Spass am Bildschirm","Computerspiel gespielt",NULL,"2024-02-22","2024-02-22","45","0","0","0","0","1","0","0","0"
"404","59","Sport & Outdoor","Joggen im Park",NULL,"2024-02-28","2024-02-28","30","0","0","1","0","1","10","0","0"
"407","59","Lesen","Buchkapitel gelesen","Ein Kapitel aus dem aktuellen Buch lesen","2024-02-27","2024-02-27","20","0","0","0","0","1","10","1","0"
"410","59","Kreative Aktivit√§ten","Zeichnen","Ein Bild zeichnen","2024-02-26","2024-02-26","40","0","0","0","0","1","10","0","0"
"413","59","Freunde & Familie","Familienfilmabend",NULL,"2024-02-25","2024-02-25","120","0","0","0","1","1","10","1","0"
"416","65","Hausaufgaben","Mathematik √úbungen","Mathe-Aufgaben f√ºr Klasse 5 l√∂sen","2024-03-01",NULL,NULL,"0","0","0","0","0","10","1","0"
"419","65","Sport & Outdoor","Fussballtraining",NULL,"2024-03-03",NULL,NULL,"0","0","0","0","0","10","0","0"
"422","65","Hausarbeiten","Zimmer aufr√§umen",NULL,"2024-02-28","2024-02-28","20","0","0","0","0","1","10","1","0"
"425","65","Lesen","Buch lesen","Mindestens 20 Seiten lesen","2024-03-05",NULL,NULL,"0","0","0","0","0","10","0","0"
"428","65","Spass am Bildschirm","Lieblingsspiel spielen","Eine Stunde Zeit zum Spielen","2024-03-02",NULL,NULL,"0","0","0","0","0","10","1","0"
"431","65","Freunde & Familie","Familienausflug","Familienausflug zum Park","2024-03-04",NULL,NULL,"0","0","0","0","0","10","0","0"
"434","65","Kreative Aktivit√§ten","Malen","Ein neues Bild malen","2024-03-06",NULL,NULL,"0","0","0","0","0","10","1","0"
"437","65","Hausarbeiten","K√ºche putzen",NULL,"2024-02-21","2024-02-21","30","0","1","0","0","1","10","1","0"
"440","65","Spass am Bildschirm","Computerspiel gespielt",NULL,"2024-02-22","2024-02-22","45","0","0","0","0","1","0","0","0"
"443","65","Sport & Outdoor","Joggen im Park",NULL,"2024-02-28","2024-02-28","30","0","0","1","0","1","10","0","0"
"446","65","Lesen","Buchkapitel gelesen","Ein Kapitel aus dem aktuellen Buch lesen","2024-02-27","2024-02-27","20","0","0","0","0","1","10","1","0"
"449","65","Kreative Aktivit√§ten","Zeichnen","Ein Bild zeichnen","2024-02-26","2024-02-26","40","0","0","0","0","1","10","0","0"
"452","65","Freunde & Familie","Familienfilmabend",NULL,"2024-02-25","2024-02-25","120","0","0","0","1","1","10","1","0"
"455","68","Hausaufgaben","Mathematik √úbungen","Mathe-Aufgaben f√ºr Klasse 5 l√∂sen","2024-03-01",NULL,NULL,"0","0","0","0","0","10","1","0"
"458","68","Sport & Outdoor","Fussballtraining",NULL,"2024-03-03",NULL,NULL,"0","0","0","0","0","10","0","0"
"461","68","Hausarbeiten","Zimmer aufr√§umen",NULL,"2024-02-28","2024-02-28","20","0","0","0","0","1","10","1","0"
"464","68","Lesen","Buch lesen","Mindestens 20 Seiten lesen","2024-03-05",NULL,NULL,"0","0","0","0","0","10","0","0"
"467","68","Spass am Bildschirm","Lieblingsspiel spielen","Eine Stunde Zeit zum Spielen","2024-03-02",NULL,NULL,"0","0","0","0","0","10","1","0"
"470","68","Freunde & Familie","Familienausflug","Familienausflug zum Park","2024-03-04",NULL,NULL,"0","0","0","0","0","10","0","0"
"473","68","Kreative Aktivit√§ten","Malen","Ein neues Bild malen","2024-03-06",NULL,NULL,"0","0","0","0","0","10","1","0"
"476","68","Hausarbeiten","K√ºche putzen",NULL,"2024-02-21","2024-02-21","30","0","1","0","0","1","10","1","0"
"479","68","Spass am Bildschirm","Computerspiel gespielt",NULL,"2024-02-22","2024-02-22","45","0","0","0","0","1","0","0","0"
"482","68","Sport & Outdoor","Joggen im Park",NULL,"2024-02-28","2024-02-28","30","0","0","1","0","1","10","0","0"
"485","68","Lesen","Buchkapitel gelesen","Ein Kapitel aus dem aktuellen Buch lesen","2024-02-27","2024-02-27","20","0","0","0","0","1","10","1","0"
"488","68","Kreative Aktivit√§ten","Zeichnen","Ein Bild zeichnen","2024-02-26","2024-02-26","40","0","0","0","0","1","10","0","0"
"491","68","Freunde & Familie","Familienfilmabend",NULL,"2024-02-25","2024-02-25","120","0","0","0","1","1","10","1","0"
"512","59","Sport & Outdoor","Tanzen",,"2024-03-01",NULL,NULL,"0","0","0","0","0","10","1","0"
"515","71","Sport & Outdoor","Tanzen",,"2024-03-01",NULL,NULL,"0","0","0","0","0","10","1","0"
"518","77","Hausaufgaben","Mathematik √úbungen","Mathe-Aufgaben f√ºr Klasse 5 l√∂sen","2024-03-01",NULL,NULL,"0","0","0","0","0","10","1","0"
"521","77","Sport & Outdoor","Fussballtraining",NULL,"2024-03-03",NULL,NULL,"0","0","0","0","0","10","0","0"
"524","77","Hausarbeiten","Zimmer aufr√§umen",NULL,"2024-02-28","2024-02-28","20","0","0","0","0","1","10","1","0"
"527","77","Lesen","Buch lesen","Mindestens 20 Seiten lesen","2024-03-05",NULL,NULL,"0","0","0","0","0","10","0","0"
"530","77","Spass am Bildschirm","Lieblingsspiel spielen","Eine Stunde Zeit zum Spielen","2024-03-02",NULL,NULL,"0","0","0","0","0","10","1","0"
"533","77","Freunde & Familie","Familienausflug","Familienausflug zum Park","2024-03-04",NULL,NULL,"0","0","0","0","0","10","0","0"
"536","77","Kreative Aktivit√§ten","Malen","Ein neues Bild malen","2024-03-06",NULL,NULL,"0","0","0","0","0","10","1","0"
"539","77","Hausarbeiten","K√ºche putzen",NULL,"2024-02-21","2024-02-21","30","0","1","0","0","1","10","1","0"
"542","77","Spass am Bildschirm","Computerspiel gespielt",NULL,"2024-02-22","2024-02-22","45","0","0","0","0","1","0","0","0"
"545","77","Sport & Outdoor","Joggen im Park",NULL,"2024-02-28","2024-02-28","30","0","0","1","0","1","10","0","0"
"548","77","Lesen","Buchkapitel gelesen","Ein Kapitel aus dem aktuellen Buch lesen","2024-02-27","2024-02-27","20","0","0","0","0","1","10","1","0"
"551","77","Kreative Aktivit√§ten","Zeichnen","Ein Bild zeichnen","2024-02-26","2024-02-26","40","0","0","0","0","1","10","0","0"
"554","77","Freunde & Familie","Familienfilmabend",NULL,"2024-02-25","2024-02-25","120","0","0","0","1","1","10","1","0"
"557","74","Hausaufgaben","Hausaufgaben","Hausaufgaben f√ºr die Woche machen","2024-03-02","2024-03-01","60","0","0","0","0","1","100","1","0"
"560","80","Hausaufgaben","Mathematik √úbungen","Mathe-Aufgaben f√ºr Klasse 5 l√∂sen","2024-03-01",NULL,NULL,"0","0","0","0","0","10","1","0"
"563","80","Sport & Outdoor","Fussballtraining",NULL,"2024-03-03",NULL,NULL,"0","0","0","0","0","10","0","0"
"566","80","Hausarbeiten","Zimmer aufr√§umen",NULL,"2024-02-28","2024-02-28","20","0","0","0","0","1","10","1","0"
"569","80","Lesen","Buch lesen","Mindestens 20 Seiten lesen","2024-03-05",NULL,NULL,"0","0","0","0","0","10","0","0"
"572","80","Spass am Bildschirm","Lieblingsspiel spielen","Eine Stunde Zeit zum Spielen","2024-03-02",NULL,NULL,"0","0","0","0","0","10","1","0"
"575","80","Freunde & Familie","Familienausflug","Familienausflug zum Park","2024-03-04",NULL,NULL,"0","0","0","0","0","10","0","0"
"578","80","Kreative Aktivit√§ten","Malen","Ein neues Bild malen","2024-03-06",NULL,NULL,"0","0","0","0","0","10","1","0"
"581","80","Hausarbeiten","K√ºche putzen",NULL,"2024-02-21","2024-02-21","30","0","1","0","0","1","10","1","0"
"584","80","Spass am Bildschirm","Computerspiel gespielt",NULL,"2024-02-22","2024-02-22","45","0","0","0","0","1","0","0","0"
"587","80","Sport & Outdoor","Joggen im Park",NULL,"2024-02-28","2024-02-28","30","0","0","1","0","1","10","0","0"
"590","80","Lesen","Buchkapitel gelesen","Ein Kapitel aus dem aktuellen Buch lesen","2024-02-27","2024-02-27","20","0","0","0","0","1","10","1","0"
"593","80","Kreative Aktivit√§ten","Zeichnen","Ein Bild zeichnen","2024-02-26","2024-02-26","40","0","0","0","0","1","10","0","0"
"596","80","Freunde & Familie","Familienfilmabend",NULL,"2024-02-25","2024-02-25","120","0","0","0","1","1","10","1","0"
"599","80","Hausaufgaben","Mathematik √úbungen","Mathe-Aufgaben f√ºr Klasse 5 l√∂sen","2024-03-01",NULL,NULL,"0","0","0","0","0","10","1","0"
"602","80","Sport & Outdoor","Fussballtraining",NULL,"2024-03-03",NULL,NULL,"0","0","0","0","0","10","0","0"
"605","80","Hausarbeiten","Zimmer aufr√§umen",NULL,"2024-02-28","2024-02-28","20","0","0","0","0","1","10","1","0"
"608","80","Lesen","Buch lesen","Mindestens 20 Seiten lesen","2024-03-05",NULL,NULL,"0","0","0","0","0","10","0","0"
"611","80","Spass am Bildschirm","Lieblingsspiel spielen","Eine Stunde Zeit zum Spielen","2024-03-02",NULL,NULL,"0","0","0","0","0","10","1","0"
"614","80","Freunde & Familie","Familienausflug","Familienausflug zum Park","2024-03-04",NULL,NULL,"0","0","0","0","0","10","0","0"
"617","80","Kreative Aktivit√§ten","Malen","Ein neues Bild malen","2024-03-06",NULL,NULL,"0","0","0","0","0","10","1","0"
"620","80","Hausarbeiten","K√ºche putzen",NULL,"2024-02-21","2024-02-21","30","0","1","0","0","1","10","1","0"
"623","80","Spass am Bildschirm","Computerspiel gespielt",NULL,"2024-02-22","2024-02-22","45","0","0","0","0","1","0","0","0"
"626","80","Sport & Outdoor","Joggen im Park",NULL,"2024-02-28","2024-02-28","30","0","0","1","0","1","10","0","0"
"629","80","Lesen","Buchkapitel gelesen","Ein Kapitel aus dem aktuellen Buch lesen","2024-02-27","2024-02-27","20","0","0","0","0","1","10","1","0"
"632","80","Kreative Aktivit√§ten","Zeichnen","Ein Bild zeichnen","2024-02-26","2024-02-26","40","0","0","0","0","1","10","0","0"
"635","80","Freunde & Familie","Familienfilmabend",NULL,"2024-02-25","2024-02-25","120","0","0","0","1","1","10","1","0"
"638","83","Hausaufgaben","Mathematik √úbungen","Mathe-Aufgaben f√ºr Klasse 5 l√∂sen","2024-03-01",NULL,NULL,"0","0","0","0","0","10","1","0"
"641","83","Sport & Outdoor","Fussballtraining",NULL,"2024-03-03",NULL,NULL,"0","0","0","0","0","10","0","0"
"644","83","Hausarbeiten","Zimmer aufr√§umen",NULL,"2024-02-28","2024-02-28","20","0","0","0","0","1","10","1","0"
"647","83","Lesen","Buch lesen","Mindestens 20 Seiten lesen","2024-03-05",NULL,NULL,"0","0","0","0","0","10","0","0"
"650","83","Spass am Bildschirm","Lieblingsspiel spielen","Eine Stunde Zeit zum Spielen","2024-03-02",NULL,NULL,"0","0","0","0","0","10","1","0"
"653","83","Freunde & Familie","Familienausflug","Familienausflug zum Park","2024-03-04",NULL,NULL,"0","0","0","0","0","10","0","0"
"656","83","Kreative Aktivit√§ten","Malen","Ein neues Bild malen","2024-03-06",NULL,NULL,"0","0","0","0","0","10","1","0"
"659","83","Hausarbeiten","K√ºche putzen",NULL,"2024-02-21","2024-02-21","30","0","1","0","0","1","10","1","0"
"662","83","Spass am Bildschirm","Computerspiel gespielt",NULL,"2024-02-22","2024-02-22","45","0","0","0","0","1","0","0","0"
"665","83","Sport & Outdoor","Joggen im Park",NULL,"2024-02-28","2024-02-28","30","0","0","1","0","1","10","0","0"
"668","83","Lesen","Buchkapitel gelesen","Ein Kapitel aus dem aktuellen Buch lesen","2024-02-27","2024-02-27","20","0","0","0","0","1","10","1","0"
"671","83","Kreative Aktivit√§ten","Zeichnen","Ein Bild zeichnen","2024-02-26","2024-02-26","40","0","0","0","0","1","10","0","0"
"674","83","Freunde & Familie","Familienfilmabend",NULL,"2024-02-25","2024-02-25","120","0","0","0","1","1","10","1","0"
"677","89","Daddy's happy weekend ","Buy cocaine","make it snow ","2024-03-02","2024-03-01","3","0","0","0","0","1","10000000","1","0"
"680","92","Freunde & Familie","Fuck your dad","Leonardo is standing there likeü•µü•µ","2024-03-02",NULL,NULL,"0","0","0","0","0","69","1","0"
"683","38","Sport & Outdoor","Billiard spielen ",,"2024-03-06","2024-03-05","30","0","0","0","0","1","10","0","0"
"686","98","Hausaufgaben","Hausaufgaben Schule",,"2024-03-11","2024-03-11","15","0","0","0","0","1","5","1","0"
"692","98","Hausarbeiten","SP√úLMASCHINE aufraumen ",,"2024-03-12","2024-03-12","1","0","0","0","0","1","5","1","0"
"695","98","Kreative Aktivit√§ten","Klavier √ºben",,"2024-03-11","2024-03-11","20","0","0","0","0","1","5","1","0"
"698","98","Sport & Outdoor","Jugi",,"2024-03-14","2024-03-15","60","0","0","0","0","1","5","1","0"
"701","98","Kreative Aktivit√§ten","Klavier √ºben",,"2024-03-12","2024-03-12","15","0","0","0","0","1","5","1","0"
"704","98","Sport & Outdoor","tanzen",,"2024-03-13","2024-03-15","60","0","0","0","0","1","5","1","0"
"707","98","Kreative Aktivit√§ten","Klavier √ºben",,"2024-03-13","2024-03-15","60","0","0","0","0","1","5","1","0"
"710","98","Kreative Aktivit√§ten","Klavier √ºben",,"2024-03-14","2024-03-15","15","0","0","0","0","1","5","1","0"
"713","98","Hausarbeiten","Zimmer aufraumen ",,"2024-03-13","2024-03-15","15","0","0","0","0","1","5","1","0"
"716","98","Hausarbeiten","Zimmer aufraumen ",,"2024-03-15","2024-03-15","15","0","0","0","0","1","5","1","0"
"719","98","Hausaufgaben","Hausaufgaben Schule",,"2024-03-12","2024-03-12","15","0","0","0","0","1","5","1","0"
"722","104","Sport & Outdoor","Basketball ",,"2024-03-12",NULL,NULL,"0","0","0","0","0","5","1","0"
"725","104","Hausaufgaben","Mathepr√ºfung",,"2024-03-13",NULL,NULL,"0","0","0","0","0","10","1","0"
"728","104","Sport & Outdoor","Basketball ",,"2024-03-14",NULL,NULL,"0","0","0","0","0","5","1","0"
"731","104","Lesen","1 Kapitel lesen",,"2024-03-12",NULL,NULL,"0","0","0","0","0","10","1","0"
"734","104","Lesen","1 Kapitel lesen",,"2024-03-14",NULL,NULL,"0","0","0","0","0","10","1","0"
"737","104","Lesen","1 Kapitel lesen",,"2024-03-13",NULL,NULL,"0","0","0","0","0","10","1","0"
"740","104","Lesen","1 Kapitel lesen",,"2024-03-15",NULL,NULL,"0","0","0","0","0","10","1","0"
"743","107","Hausarbeiten","Teller aufr√§umen und sp√ºller benutzen learnen",,"2024-03-13","2024-03-12","10","0","0","0","0","1","10","1","0"
"746","107","Hausaufgaben","franz√∂sische ","15 Minuten Fernsehen auf Franz√∂sisch ","2024-03-13",NULL,NULL,"0","0","0","0","0","10","1","0"
"749","98","Hausaufgaben","ÂÅö‰Ωú‰∏ö",,"2024-03-14","2024-03-15","15","0","0","0","0","1","5","1","0"
"752","110","Lesen","lesen","leswn","2024-03-13","2024-03-12","15","0","0","0","0","1","10","1","0"
"755","107","Freunde & Familie","Schlafe","bevor 21Uhr30","2024-03-20",NULL,NULL,"0","0","0","0","0","20","1","0"
"758","110","Sport & Outdoor","sport.fussball","fussball training","2024-03-14","2024-03-13","130","0","0","0","0","1","20","1","0"
"761","110","Hausaufgaben","Hausaufgaben","Hausaufgaben schreiben","2024-03-15","2024-03-13","40","0","0","0","0","1","5","1","0"
"764","110","Hausaufgaben","Lesen","Lesen B√ºcher","2024-03-15","2024-03-15","30","0","0","0","0","1","17","1","0"
"767","107","Freunde & Familie","spielen ","mit Gross","2024-03-14","2024-03-17","30","0","0","0","0","1","10","1","0"
"770","107","Hausaufgaben","Aufgaben ","learnen f√ºr 30 Minuten ","2024-03-14",NULL,NULL,"0","0","0","0","0","15","1","0"
"773","113","Hausaufgaben","Etwas","asdfasdf","2024-03-15","2024-03-14","15","0","0","0","0","1","10","1","0"
"776","116","Hausaufgaben","hb",,"2024-03-16",NULL,NULL,"0","0","0","0","0","10","1","0"
"779","98","Hausaufgaben","Schule",,"2024-03-18","2024-03-26","10","0","0","0","0","1","10","0","0"
"782","98","Hausaufgaben","Schule",,"2024-03-19","2024-03-26","10","0","0","0","0","1","10","0","0"
"785","98","Hausaufgaben","Schule",,"2024-03-20","2024-03-26","20","0","0","0","0","1","10","0","0"
"788","98","Kreative Aktivit√§ten","Malen oder bastlen",,"2024-03-19","2024-03-26","10","0","0","0","0","1","10","0","0"
"791","98","Lesen","Lesen","10 min","2024-03-18","2024-03-26","10","0","0","0","0","1","10","0","0"
"794","98","Sport & Outdoor","Tanzen",,"2024-03-20","2024-03-26","60","0","0","0","0","1","10","0","0"
"797","98","Hausaufgaben","Schule",,"2024-03-21","2024-03-26","10","0","0","0","0","1","10","0","0"
"800","98","Sport & Outdoor","Jugi ",,"2024-03-21","2024-03-26","60","0","0","0","0","1","10","0","0"
"803","110","Hausaufgaben","aufr√§umen ","aufr√§umen ","2024-03-16","2024-03-16","15","0","0","0","0","1","10","1","0"
"806","110","Sport & Outdoor","Spaziergang mit mami","rausgehen ","2024-03-16","2024-03-16","30","0","0","0","0","1","10","1","0"
"809","110","Hausaufgaben","Hausaufgaben ","Hausaufgaben ","2024-03-18","2024-03-23","30","0","0","0","0","1","15","1","0"
"812","110","Hausarbeiten","kochen","kochen","2024-03-16","2024-03-16","10","0","0","0","0","1","5","1","0"
"815","110","Hausaufgaben","f",,"2024-03-16","2024-03-15","10","0","0","0","0","1","10","1","0"
"818","98","Kreative Aktivit√§ten","Klavier ",,"2024-03-22","2024-03-26","15","0","0","0","0","1","10","0","0"
"821","98","Hausaufgaben","Klavier ",,"2024-03-17","2024-03-17","10","0","0","0","0","1","10","0","0"
"824","107","Hausarbeiten","clean dishes","help grandma ","2024-03-20",NULL,NULL,"0","0","0","0","0","25","1","0"
"827","110","Hausaufgaben"," sehr viel aufr√§umen ","mache ","2024-03-24","2024-03-23","60","0","0","0","0","1","30","1","0"
"830","32","Hausaufgaben","Mathe","Aufgaben 1-3","2024-04-14",NULL,NULL,"0","0","0","0","0","15","1","0"
"833","32","Hausaufgaben","Deutsch Hausaufgaben",,"2024-04-19",NULL,NULL,"0","0","0","0","0","10","1","0"
"836","32","Hausaufgaben","Aufsatz schreiben",,"2024-04-12","2024-04-14","40","0","0","0","0","1","10","1","0"
"839","32","Sport & Outdoor","Tennis",,"2024-04-15","2024-04-14","30","0","0","0","0","1","10","1","0"
"842","32","Hausarbeiten","Boden Wischen",,"2024-04-15","2024-04-14","10","0","0","0","0","1","10","1","0"
"845","32","Kreative Aktivit√§ten","Malen",,"2024-04-15","2024-04-14","25","0","0","0","0","1","10","1","0"
